{"extensionType":"field_faas","i18nMap":{},"fields":[{"fieldType":25,"uiSchema":{"fieldsConfigEditor":{"component":"OpenFieldMetaEditor","props":{"schema":{"authorizations":[{"id":"test-auth-key-123456","platform":"baidu","type":"HeaderBearerToken","required":true,"instructionsUrl":"https://www.feishu.com","label":"测试授权","icon":{"light":"","dark":""},"isRequired":true,"authType":"APIKey"}],"items":[{"key":"url","label":"视频地址","component":"FieldSelect","props":{"supportType":[1]},"validator":{"required":true}}]}}}},"presetFieldConfig":{"fieldProperty":{"propertyType":25,"icon":{"light":"https://lf3-static.bytednsdoc.com/obj/eden-cn/eqgeh7upeubqnulog/chatbot.svg"},"properties":[{"key":"id","title":"id","hidden":true,"propertyType":1},{"key":"primaryProperty","title":"文案","propertyType":1},{"key":"title","title":"标题","propertyType":1}]},"externalEditorConfig":{}},"disableAutoUpdate":true}]}